country,year,S_proxy,N_proxy,R_proxy,Crisis,_N_stability,N_noise,_S,_N_raw,_N,_R,E
AUS,1996,1.8005645275116,1.39611268043518,3.28,0.0307692307692305,1.0,0.0,0.9835461586146239,0.0,1e-09,0.2935525145843727,1.5
AUS,1997,,,16.4,0.0887556221889055,0.5,0.5,0.5,0.5,0.5,0.8747757737144718,0.8747757737144718
AUS,1998,1.61811804771423,1.06650125980377,30.8,0.0569932685115931,0.9252908341824929,0.07470916581750708,0.8898773437930262,0.07504378338375543,0.07504378338375543,1.0,1.5
AUS,1999,,,40.8,0.0258435298479794,0.5,0.5,0.5,0.5,0.5,1.0,1.0
AUS,2000,1.73217022418976,1.33396470546722,46.7561,0.1228717573986115,0.9863414986938125,0.01365850130618751,0.9585741800852704,0.0064437598739106195,0.0064437598739106195,0.9570309697632398,1.5
AUS,2001,,,52.6893,0.1203567681007344,0.5,0.5,0.5,0.5,0.5,0.9377798240949657,0.9377798240949657
AUS,2002,1.65919864177704,1.18941462039948,,0.0490787269681739,0.9939980076949873,0.006001992305012749,0.9248454760252369,0.0028714022694634983,0.0028714022694634983,,
AUS,2003,1.77327883243561,0.878117203712463,,0.0366297983083929,0.9323305215072158,0.06766947849278415,0.9682699814117401,0.0673712047356952,0.0673712047356952,,
AUS,2004,1.98494184017181,0.935463547706604,,0.0171627612412919,0.9823180856298901,0.017681914370109908,1.0,0.008239053345914535,0.008239053345914535,,
AUS,2005,1.74618124961853,0.8917076587677,63.0,0.034591584158416,0.9689020858006514,0.031097914199348597,0.9673801180041631,0.014687902350924705,0.014687902350924705,0.8818220273139087,1.5
AUS,2006,1.70789933204651,0.934466600418091,66.0,0.0777643868635129,0.9286582873813972,0.07134171261860278,0.9626088486215525,0.06082288631542674,0.06082288631542674,0.9061979930500915,1.5
AUS,2007,1.81895518302917,0.928874909877777,69.45,0.0163805644457375,0.9602312727013836,0.03976872729861636,1.0,0.040838138500177035,0.040838138500177035,0.9176946562738593,1.5
AUS,2008,1.78476786613464,0.954700112342834,71.67,0.117514927495024,0.9795319157500841,0.020468084249915863,1.0,0.0097776076556435,0.0097776076556435,0.9091004359490276,1.5
AUS,2009,1.70196378231049,0.855120599269867,74.25,0.0114441416893734,0.9136021532840731,0.08639784671592687,0.9910933051787008,0.07381376427458129,0.07381376427458129,0.8983681029704041,1.5
AUS,2010,1.76339137554169,0.888859868049622,76.0,0.0459170013386879,0.9893032129977793,0.010696787002220653,0.9968895470309025,0.0050620430509734325,0.0050620430509734325,0.8899288655934108,1.5
AUS,2011,1.69013810157776,0.935710072517395,79.4877,0.0651925078043705,0.9557788017681582,0.044221198231841785,0.9821859916085708,0.03660183804365683,0.03660183804365683,0.9246861443407389,1.5
AUS,2012,1.61314845085144,0.997997224330902,79.0,0.0118609921934019,0.9751123337875283,0.024887666212471737,0.9677511012917338,0.012039987685770803,0.012039987685770803,0.8953211184771449,1.5
AUS,2013,1.632453083992,1.03107297420502,83.4535,0.0224944320712695,0.9931807643432895,0.006819235656710498,0.9664600771443871,0.003280885817481366,0.003280885817481366,0.9055909595647202,1.5
AUS,2014,1.60089492797852,1.03219199180603,84.0,0.0243961352657005,0.9687657643059164,0.031234235694083567,0.9112887354243794,0.014396415815468102,0.014396415815468102,0.8921602584808628,1.5
AUS,2015,1.53325247764587,0.873180687427521,84.5605,0.0245816639170399,0.8714889621886818,0.12851103781131823,0.8977303967848314,0.1079838994358586,0.1079838994358586,0.8788077679249218,1.5
AUS,2016,1.53218841552734,1.0334244966507,86.54,0.036150452751335,0.9552188937716157,0.04478110622838427,0.8873329582729587,0.02069251089059916,0.02069251089059916,0.871368573001347,1.5
AUS,2017,1.49838602542877,0.87606406211853,86.545,0.0025676295277395,0.8784585416123677,0.1215414583876323,0.8945529207491147,0.12249511786210657,0.12249511786210657,0.8961341026152091,1.5
AUS,2018,1.55598998069763,0.971185445785522,90.0,0.004429952777153,0.9828934844591609,0.017106515540839085,0.950187495003792,0.00831779368815919,0.00831779368815919,0.9514743027183021,1.5
AUS,2019,1.53869080543518,0.917978942394257,93.6099,0.01946160635481,0.9498444535126178,0.050155546487382185,0.954565294622845,0.0473691567403544,0.0473691567403544,1.0,1.5
AUS,2020,1.57335329055786,0.862161874771118,94.6935,0.0576547231270358,0.9111173500530528,0.08888264994694717,0.9939459450411646,0.08940918723770327,0.08940918723770327,0.9984704868561765,1.5
AUS,2021,1.47172200679779,0.83507913351059,96.9722,0.043195521102498,0.9117724874525319,0.08822751254746808,0.9781688559344813,0.08168409229526492,0.08168409229526492,1.0,1.5
AUS,2022,1.52843272686005,0.983715951442719,97.0424,0.2297048356709229,0.9879911189384789,0.012008881061521093,0.9721879953638303,0.005690997293973817,0.005690997293973817,1.0,1.5
AUS,2023,1.58987963199615,0.91705721616745,97.0631,0.1798507462686565,0.9915223805097418,0.00847761949025816,0.9916480517702133,0.004096739834397196,0.004096739834397196,1.0,1.5
AUS,2024,,,,0.0580807141528735,0.5,0.5,0.5,0.5,0.5,,
BRA,1996,-0.143133714795113,-0.220460131764412,0.451,0.68788328001303,0.35159752968143904,0.6484024703185609,0.11293217535944661,0.6585455810997204,0.6585455810997204,0.037919368480406,0.00650268849059399
BRA,1997,,,0.786,0.2463356258145775,0.5,0.5,0.5,0.5,0.5,0.03919839370496745,0.03919839370496745
BRA,1998,-0.201571121811867,-0.339505791664124,1.48,0.059753814640025,0.33561233648480965,0.6643876635151904,0.09106366223921042,0.6719471975443821,0.6719471975443821,0.04377137758389927,0.005931986856425388
BRA,1999,,,2.04,0.1429223749513334,0.5,0.5,0.5,0.5,0.5,0.040461891929471444,0.040461891929471444
BRA,2000,0.0430850870907307,0.18410162627697,2.87069,0.252207052973633,0.5352564347631527,0.46474356523684734,0.20136660039099308,0.47935782750054784,0.47935782750054784,0.03481118830158546,0.01462333614204508
BRA,2001,,,4.52849,0.242017951243762,0.5,0.5,0.5,0.5,0.5,0.051170920965966676,0.051170920965966676
BRA,2002,-0.0346153452992439,0.327800273895264,9.14943,0.322508218854166,0.592420334590092,0.407579665409908,0.11421529107131242,0.4298003964066741,0.4298003964066741,0.11012491658497697,0.02926462959809832
BRA,2003,0.0817573666572571,0.0042139342986047,13.2076,0.6357459861407351,0.5642988462094997,0.43570115379050034,0.1804878653391858,0.4490401346942271,0.4490401346942271,0.15296105924776718,0.06148139760925728
BRA,2004,-0.0922709181904793,-0.275992810726166,19.0737,0.2298592549929815,0.469652208235976,0.530347791764024,0.0995232371139884,0.5390867412484477,0.5390867412484477,0.2360887484865875,0.043585409726756244
BRA,2005,-0.157670244574547,-0.263379752635956,21.0227,0.2434768604494825,0.4148064243761899,0.58519357562381,0.07752084411224695,0.5962562363343448,0.5962562363343448,0.2414719288453584,0.03139440162267428
BRA,2006,-0.391295492649078,-0.294911116361618,28.1784,0.1091784064484544,0.3320602043847995,0.6679397956152004,0.015747369934096925,0.6766343987863843,0.6766343987863843,0.34018938008636074,0.007917256387614249
BRA,2007,-0.290289968252182,-0.3579480946064,30.88,0.0820636495513265,0.3177250379106079,0.6822749620893921,0.025770560244896386,0.707591220713088,0.707591220713088,0.35796317297715663,0.013037063271312932
BRA,2008,-0.148200899362564,-0.313424706459045,33.83,0.1839296951420835,0.3140363930698109,0.6859636069301891,0.058882882196307135,0.7162383521987659,0.7162383521987659,0.3803725128549072,0.03127091672261252
BRA,2009,-0.151303574442863,0.163664221763611,39.22,0.1444017399383995,0.5975192084571739,0.4024807915428261,0.07679837618033505,0.4103202169451918,0.4103202169451918,0.42475291699904005,0.07949970037119605
BRA,2010,-0.0868625491857529,0.0134759107604623,40.65,0.1519363450540375,0.5508464465735075,0.44915355342649255,0.1109311657412514,0.46615315327968077,0.46615315327968077,0.3605391239236241,0.08579803661261745
BRA,2011,-0.152404069900513,-0.132575422525406,45.69,0.231822481106543,0.4653192576364821,0.5346807423635179,0.09706916135078049,0.5510653223510218,0.5510653223510218,0.3693144472196661,0.06505407292441581
BRA,2012,-0.16054867208004,0.0459616407752037,48.56,0.1701749570185025,0.517334072964362,0.48266592703563804,0.08394350740523587,0.504175291090037,0.504175291090037,0.3656626820483374,0.0608816191526955
BRA,2013,-0.119030974805355,-0.258553296327591,51.04,0.210215533320048,0.3492401004459102,0.6507598995540897,0.08612158209901886,0.6917568049629356,0.6917568049629356,0.3489020234514027,0.04343722250595534
BRA,2014,-0.175920635461807,-0.070290133357048,54.551,0.2164520077580705,0.43480690185113763,0.5651930981488624,0.016135919751020453,0.5613100928846362,0.5613100928846362,0.38279175417681227,0.011004072624111648
BRA,2015,-0.255271553993225,-0.331864446401596,58.328,0.3514950512080685,0.307724866055885,0.692275133944115,0.017019759523274385,0.6910266409930962,0.6910266409930962,0.41949126834650535,0.010331932353737161
BRA,2016,-0.249387070536613,-0.381035059690475,60.8725,0.336957176164696,0.27518670686596874,0.7248132931340312,0.01643630559418271,0.7189817185328601,0.7189817185328601,0.4227505237081552,0.009664302469257363
BRA,2017,-0.317140609025955,-0.479947566986084,67.4713,0.072318667516334,0.12354376397350439,0.8764562360264956,0.0,0.8924520736525426,0.8924520736525426,0.543636824144355,0.0
BRA,2018,-0.520569622516632,-0.459598511457443,70.4343,0.0832425141883635,0.1634789963796051,0.8365210036203949,0.0,0.893714113478693,0.893714113478693,0.5668679528420487,0.0
BRA,2019,-0.234114676713943,-0.714224636554718,73.9124,0.086648810608449,0.021154676683220387,0.9788453233167796,0.0,0.9903340671604587,0.9903340671604587,0.5691602439271323,0.0
BRA,2020,-0.465709209442139,-0.44689092040062,81.3427,0.0605884019016865,0.1693301975495292,0.8306698024504708,0.0,0.8511719511729038,0.8511719511729038,0.6345709220239941,0.0
BRA,2021,-0.492990374565125,-0.419879764318466,80.6899,0.3150829877928385,0.17939746788023633,0.8206025321197636,0.0,0.8243839651159972,0.8243839651159972,0.29587856530570206,0.0
BRA,2022,-0.588259339332581,-0.395036935806274,80.5278,0.364005304478436,0.23588592068992825,0.7641140793100718,0.021821647417601304,0.7977397459730513,0.7977397459730513,0.46274830170697434,0.012658176220900628
BRA,2023,-0.546764314174652,-0.408567786216736,84.1506,0.1296781411416015,0.2587061902593608,0.7412938097406392,0.03343926013737618,0.7910464991624158,0.7910464991624158,0.25308102920532544,0.010698286864795549
BRA,2024,,,84.4635,0.1183732038261675,0.5,0.5,0.5,0.5,0.5,0.0,0.0
CAN,1996,1.74236369132996,1.23405170440674,6.76,0.0214734437464305,0.9571695207129928,0.04283047928700723,0.9574770596598675,0.032799024766104114,0.032799024766104114,0.6080111036412139,1.5
CAN,1997,,,15.1,0.018939180957735,0.5,0.5,0.5,0.5,0.5,0.8052067591114005,0.8052067591114005
CAN,1998,1.87730169296265,0.950881242752075,24.9,0.0502028771670987,0.876799869725633,0.12320013027436705,1.0,0.1241288735697648,0.1241288735697648,0.8177431880896908,1.5
CAN,1999,,,36.2,0.0132578524470404,0.5,0.5,0.5,0.5,0.5,0.9451768180042509,0.9451768180042509
CAN,2000,1.84907865524292,1.16752684116364,51.3,0.0359719978459879,0.9210488251411199,0.07895117485888015,1.0,0.07489609027687101,0.07489609027687101,1.0,1.5
CAN,2001,,,60.2,0.026256006989953,0.5,0.5,0.5,0.5,0.5,1.0,1.0
CAN,2002,1.86085593700409,1.21803176403046,61.5933,0.0129197204704275,1.0,0.0,1.0,0.0,1e-09,1.0,1.5
CAN,2003,1.92467999458313,1.05307674407959,64.2,0.037928160680056,1.0,0.0,1.0,0.0,1e-09,0.9948816805523097,1.5
CAN,2004,1.90069770812988,0.87644749879837,65.956,0.007137064071372,0.9573435875530443,0.04265641244695573,0.9831910438114958,0.034099277607403965,0.034099277607403965,1.0,1.5
CAN,2005,1.88245940208435,0.828725039958954,71.66,0.0106776017198839,0.9386893110075573,0.06131068899244274,1.0,0.04639865976105364,0.04639865976105364,1.0,1.5
CAN,2006,1.89211332798004,1.03495657444,72.4,0.000101269767081,0.9774245250019149,0.0225754749980851,1.0,0.010486132975942128,0.010486132975942128,1.0,1.5
CAN,2007,1.75481534004211,1.00701069831848,73.2,0.0069191996334184,0.99924419915553,0.0007558008444700226,0.9864418774721996,0.0003529454375475805,0.0003529454375475805,0.9721150104963803,1.5
CAN,2008,1.78248238563538,1.0413726568222,76.7,0.0185135337221489,1.0,0.0,0.9994989380954461,0.0,1e-09,0.9793832439078919,1.5
CAN,2009,1.74208331108093,1.12707591056824,80.3,0.0850266598495347,1.0,0.0,1.0,0.0,1e-09,0.9801657585549531,1.5
CAN,2010,1.77782678604126,0.936318218708038,80.3,0.0111564229536864,1.0,0.0,1.0,0.0,1e-09,0.9543242231374017,1.5
CAN,2011,1.77254545688629,1.07717573642731,83.0,0.0456067544361735,1.0,0.0,1.0,0.0,1e-09,0.9824010779545156,1.5
CAN,2012,1.75697004795074,1.11301624774933,83.0,0.0242160884377375,1.0,0.0,1.0,0.0,1e-09,0.9649214386386177,1.5
CAN,2013,1.78074109554291,1.06142175197601,85.8,0.0530854051092377,1.0,0.0,1.0,0.0,1e-09,0.9458911612889985,1.5
CAN,2014,1.75371766090393,1.17550384998322,87.12,0.0046682046410664,1.0,0.0,0.9882802378019264,0.0,1e-09,0.9461257491063048,1.5
CAN,2015,1.7309353351593,1.26233685016632,90.0,0.043737931952861,1.0,0.0,0.995074012155089,0.0,1e-09,0.9740503906050626,1.5
CAN,2016,1.7445410490036,1.24041163921356,91.16,0.0285620226494574,1.0,0.0,0.9911383816909588,0.0,1e-09,0.9521172001654471,1.5
CAN,2017,1.81557297706604,1.08968114852905,92.7014,0.020155793573515,0.9973828132234767,0.002617186776523339,1.0,0.00120120118229809,0.00120120118229809,1.0,1.5
CAN,2018,1.67513394355774,0.963971078395844,94.64,0.0134112836240519,0.9787617934854781,0.021238206514521907,1.0,0.012782181413575355,0.012782181413575355,1.0,1.5
CAN,2019,1.69731068611145,0.994933545589447,91.9129,0.0025365487942019,0.993630016900094,0.006369983099905996,1.0,0.0029105539996998843,0.0029105539996998843,0.9727941487266655,1.5
CAN,2020,1.59831285476685,1.01318228244781,92.3,0.0641500183846096,0.996694493002217,0.003305506997782981,1.0,0.0015275344986132758,0.0015275344986132758,0.9332314293895205,1.5
CAN,2021,1.5614572763443,0.962336957454681,93.9371,0.0697596592637665,0.9860382275202011,0.013961772479798906,1.0,0.0063713710402348986,0.0063713710402348986,0.8827272747409014,1.5
CAN,2022,1.56661772727966,0.780681550502777,94.0,0.2401400576708045,0.8772365161503771,0.12276348384962288,0.9893325484023766,0.12232766561251157,0.12232766561251157,0.9121527712336038,1.5
CAN,2023,1.51680326461792,0.822420537471771,93.9564,0.0939500798942134,0.9392064614413884,0.06079353855861158,0.9588759009362372,0.0602772670492753,0.0602772670492753,0.8375928779420666,1.5
CAN,2024,,,,0.0190791916405854,0.5,0.5,0.5,0.5,0.5,,
CHN,1996,-0.348653882741928,-0.0978488251566887,0.0131,0.315658014446954,0.40264556601841,0.5973544339815899,0.020876357146068357,0.6057968849603237,0.6057968849603237,0.0,0.0
CHN,1997,,,0.0324,0.0393232527659409,0.5,0.5,0.5,0.5,0.5,0.0,0.0
CHN,1998,-0.198783293366432,-0.394105225801468,0.169,0.1386593005774657,0.3127133671918468,0.6872866328081533,0.0922874731742496,0.6951267318246646,0.6951267318246646,0.0004461408813760963,5.9231234733061435e-05
CHN,1999,,,0.708,0.1700736341382325,0.5,0.5,0.5,0.5,0.5,0.005184366123511068,0.005184366123511068
CHN,2000,-0.158842876553535,-0.20991687476635,1.77591,0.0826094386567708,0.38068510888133295,0.619314891118667,0.11084340457016335,0.6414092016343864,0.6414092016343864,0.011805187620525627,0.002040081720240876
CHN,2001,,,2.63965,0.0640437195439941,0.5,0.5,0.5,0.5,0.5,0.01639861625210954,0.01639861625210954
CHN,2002,-0.123097203671932,-0.327627182006836,4.5957,0.1365985451175124,0.2869413999621868,0.7130586000378132,0.07186939844969906,0.754564005106434,0.754564005106434,0.030731162370638606,0.002927028241860396
CHN,2003,-0.147587299346924,-0.56535792350769,6.2,0.0436198256351815,0.3244319268747326,0.6755680731252673,0.07367655377738419,0.697795219051821,0.697795219051821,0.03726062259733084,0.003934154590943379
CHN,2004,-0.109930388629436,-0.39068067073822,7.3,0.09123187155408,0.42111843153800754,0.5788815684619925,0.09169315624661208,0.5893417792397868,0.5893417792397868,0.04353476240793799,0.006773386704026667
CHN,2005,-0.140640497207642,-0.501756608486176,8.52326,0.011179296166215,0.30045699912351237,0.6995430008764876,0.08548053985148828,0.7162752319085005,0.7162752319085005,0.0507970251521305,0.006062134971893633
CHN,2006,0.0357880145311356,-0.540030121803284,10.5232,0.0175284502720699,0.21310772399041578,0.7868922760095842,0.20838738427403486,0.7994177414614145,0.7994177414614145,0.07597540543702651,0.01980480940945619
CHN,2007,0.165997371077538,-0.500553727149963,16.0,0.140838383689417,0.24652254331248755,0.7534774566875124,0.24010776700400469,0.7814807491937017,0.7814807491937017,0.1420232074221933,0.04363623189959988
CHN,2008,0.165779024362564,-0.49308842420578,22.6,0.196262568520546,0.21975119497589646,0.7802488050241035,0.21185181282345392,0.8163273670377489,0.8163273670377489,0.22345880840599153,0.0579916288044635
CHN,2009,0.0932420492172241,-0.451781332492828,28.9,0.1364082625466451,0.31618281544915894,0.6838171845508411,0.19744304345211558,0.7098349904174461,0.7098349904174461,0.28522369292754485,0.07933595096960157
CHN,2010,0.0918448567390442,-0.65706068277359,34.3,0.0587662376345995,0.21499232893519288,0.7850076710648071,0.19650175795114427,0.8193449838896888,0.8193449838896888,0.265443654062149,0.06366078475585099
CHN,2011,0.0836087092757225,-0.602054834365845,38.3,0.1776949461287455,0.2497770085102373,0.7502229914897627,0.21044452189257024,0.7771565827367369,0.7771565827367369,0.24788024188247665,0.06712294555348758
CHN,2012,0.0153677640482783,-0.538782060146332,42.3001,0.0309762163227695,0.2361650084264485,0.7638349915735515,0.17160012032384578,0.8064465755224611,0.8064465755224611,0.2567399210036366,0.05463052689834583
CHN,2013,-0.0051206895150244,-0.543789923191071,45.8,0.0310525008740595,0.20681475826172763,0.7931852417382723,0.14337566249957615,0.844032354353442,0.844032354353442,0.2589071131444694,0.043980516483135265
CHN,2014,0.354851633310318,-0.522584021091461,47.9,0.003917918605739,0.21574998992688016,0.7842500100731198,0.28353693798206164,0.7856817245064615,0.7856817245064615,0.2677518573339231,0.09662633022953307
CHN,2015,0.417423009872437,-0.552559673786163,50.3,0.028148809532172,0.20447558360624854,0.7955244163937515,0.34827013555627717,0.7978066667453456,0.7978066667453456,0.27892544890056886,0.12176058178980277
CHN,2016,0.356383770704269,-0.502221345901489,53.2,9.109597101097933e-08,0.21692376476515432,0.7830762352348457,0.3125583627586763,0.778808862685567,0.778808862685567,0.28865012502491716,0.11584358474911241
CHN,2017,0.416875630617142,-0.232558101415634,54.3,0.0203431999642835,0.26126969447649817,0.7387303055235018,0.34050199725791225,0.751981862544529,0.751981862544529,0.30022063305803404,0.1359417431005419
CHN,2018,0.496678441762924,-0.298572480678558,59.2,0.0037395199827874,0.25569911242872334,0.7443008875712767,0.405322425244984,0.7940681436449037,0.7940681436449037,0.3460333741449007,0.17662852684194347
CHN,2019,0.544862508773804,-0.259780675172806,64.0809,0.0449617081791144,0.279723807715881,0.720276192284119,0.3728232670852959,0.727790402349117,0.727790402349117,0.3487037713271147,0.17862955990009913
CHN,2020,0.643971681594849,-0.474127858877182,70.0528,0.020971094728889,0.15389612864874663,0.8461038713512534,0.4929999357028298,0.8670216446394815,0.8670216446394815,0.32684481594804,0.18584827062095857
CHN,2021,0.80791163444519,-0.516462862491608,73.0532,0.0509492432227553,0.12303303352523727,0.8769669664747627,0.6192925017118813,0.8815430122002594,0.8815430122002594,0.0,0.0
CHN,2022,0.494212538003922,-0.45127671957016,75.6113,0.0013212221304739,0.20520730227441927,0.7947926977255807,0.5078370018707554,0.8300476749486686,0.8300476749486686,0.2987441246291642,0.18277663459217597
CHN,2023,0.679014027118683,-0.513097047805786,90.6,0.088258158555347,0.2009215716005366,0.7990784283994634,0.5831572350603244,0.8530997020684352,0.8530997020684352,0.6375219434849084,0.4357937682448281
CHN,2024,,,92.0,0.0890935530780417,0.5,0.5,0.5,0.5,0.5,0.7534430241922792,0.7534430241922792
DEU,1996,1.7246767282486,1.28849947452545,3.05,0.0275136490183805,0.979838325282374,0.020161674717625977,0.9495547818881515,0.009375011427364759,0.009375011427364759,0.2727693319742941,1.5
DEU,1997,,,6.71,0.0030314005386349,0.5,0.5,0.5,0.5,0.5,0.3562190417885017,0.3562190417885017
DEU,1998,1.81250166893005,1.24214780330658,9.88,0.0544408232492799,0.9989568871303739,0.001043112869626106,0.9752085633757694,0.00047515202953740134,0.00047515202953740134,0.3213701482179151,1.5
DEU,1999,,,20.8,0.0707283467884606,0.5,0.5,0.5,0.5,0.5,0.5373135316590635,0.5373135316590635
DEU,2000,1.80453169345856,1.41133570671082,30.2163,0.0279865806401299,1.0,0.0,0.9910134288861064,0.0,1e-09,0.6094591744577049,1.5
DEU,2001,,,31.6509,0.000807134332764,0.5,0.5,0.5,0.5,0.5,0.550476688047438,0.550476688047438
DEU,2002,1.66001808643341,1.09601747989655,48.82,0.028959692224237,0.9504678523418534,0.04953214765814662,0.9252376481164,0.04914958625280362,0.04914958625280362,0.8017767018517153,1.5
DEU,2003,1.35740518569946,0.577859222888947,55.9,0.0482888906857189,0.8058812317842179,0.1941187682157821,0.7745876498110229,0.19850601823660394,0.19850601823660394,0.8578428050173731,1.5
DEU,2004,1.46714746952057,0.638884365558624,64.73,0.016713151672004,0.8568112726322171,0.14318872736778288,0.7909580184715944,0.1381969936607875,0.1381969936607875,0.9827786212201077,1.5
DEU,2005,1.5005247592926,0.888915359973907,68.71,0.0226544426243355,0.9675626195128479,0.03243738048715206,0.8525603924241912,0.0160937808510779,0.0160937808510779,0.9689262255890577,1.5
DEU,2006,1.64597606658936,1.02506959438324,72.16,0.0211286785797189,0.9726265257637803,0.02737347423621972,0.9346777800012707,0.015438651684734279,0.015438651684734279,0.9983837561023308,1.5
DEU,2007,1.63131237030029,0.995823800563812,75.16,0.0149172003504755,0.9936586201518175,0.0063413798481825046,0.9284273781003731,0.0061493125621121525,0.0061493125621121525,1.0,1.5
DEU,2008,1.51405537128448,0.943830788135529,78.0,0.0314189908186099,0.9738278348210823,0.02617216517891774,0.8687230819529955,0.01583280881433394,0.01583280881433394,0.997547786720322,1.5
DEU,2009,1.57510924339294,0.859902501106262,79.0,0.0843630496315778,0.9157880867189081,0.0842119132810919,0.9285106123847556,0.07148658807615263,0.07148658807615263,0.9625894028095129,1.5
DEU,2010,1.51569378376007,0.796834468841553,82.0,0.0448094811053699,0.9432101145011793,0.05678988549882069,0.8782843358588653,0.053534594023337566,0.053534594023337566,0.9797828528640959,1.5
DEU,2011,1.50013899803162,0.842218458652496,81.27,0.0037586418679369,0.9128559552733867,0.0871440447266133,0.8909145912109034,0.08162540304163309,0.08162540304163309,0.953973314052846,1.5
DEU,2012,1.53097581863403,0.775621294975281,82.35,0.0004244423914764,0.868184748361415,0.13181525163858498,0.9268056684867472,0.12699267154922178,0.12699267154922178,0.9536113866123782,1.5
DEU,2013,1.51041460037231,0.92798388004303,84.17,0.0247638348740589,0.9417059601677858,0.05829403983221415,0.9051205665346551,0.058315712944363746,0.058315712944363746,0.9178965613271091,1.5
DEU,2014,1.6648246049881,0.925186455249786,86.1937,0.0546602999782892,0.9169403847629296,0.0830596152370704,0.9434962596929137,0.06747917346659826,0.06747917346659826,0.9301038792452963,1.5
DEU,2015,1.65639758110046,0.687514960765839,87.5898,0.0742786931437272,0.7846277587068999,0.21537224129310006,0.9583698965178813,0.19781543457684392,0.19781543457684392,0.9318491277714058,1.5
DEU,2016,1.66018795967102,0.667541146278381,84.1652,0.0754126495777393,0.7793125175231044,0.22068748247689562,0.9499036298000021,0.20132149648130226,0.20132149648130226,0.82986168127206,1.5
DEU,2017,1.61311173439026,0.574381291866302,84.3942,0.024525257445189,0.7105066033440958,0.28949339665590423,0.9533261746200289,0.29379361000793663,0.29379361000793663,0.856385593068812,1.5
DEU,2018,1.52356374263763,0.577865242958069,87.0371,0.013391560116526,0.7576377629229464,0.24236223707705362,0.9335088090712803,0.2517118143715746,0.2517118143715746,0.8932320648199211,1.5
DEU,2019,1.49534583091736,0.548539876937866,88.1345,0.0277170115558735,0.7396413344435582,0.2603586655564418,0.9291931116770905,0.2608033629611845,0.2608033629611845,0.8880692607571894,1.5
DEU,2020,1.31368815898895,0.645049154758453,89.8129,0.0927561037093018,0.7880883729602223,0.21191162703977773,0.8539838345697747,0.21575121583452492,0.21575121583452492,0.8654411390927503,1.5
DEU,2021,1.28911292552948,0.725788176059723,91.4306,0.053333333333335,0.8479919387504049,0.1520080612495951,0.8794447563075785,0.14636380438753432,0.14636380438753432,0.7716897505698066,1.5
DEU,2022,1.28929960727692,0.628491878509521,91.6298,0.243628719275548,0.7942175469903158,0.20578245300968423,0.8648204320035178,0.20975568870420042,0.20975568870420042,0.8330878468951872,1.5
DEU,2023,1.18541669845581,0.586989283561707,92.4764,0.197321833862914,0.8090581659234664,0.19094183407653365,0.8102608161933502,0.20003969478683217,0.20003969478683217,0.7493718724014296,1.5
DEU,2024,,,93.5,0.0128249071693784,0.5,0.5,0.5,0.5,0.5,0.9221635824548624,0.9221635824548624
FRA,1996,1.25185739994049,0.887499451637268,2.58,0.000855817455131,0.8128858287641395,0.1871141712358605,0.7377713322669606,0.18188951228733247,0.18188951228733247,0.23029935011891614,0.934128945758249
FRA,1997,,,4.26,0.0398028529865185,0.5,0.5,0.5,0.5,0.5,0.22510820657502112,0.22510820657502112
FRA,1998,1.45350337028503,0.698888778686523,6.32,0.0674436566083479,0.7711143843746335,0.22888561562536647,0.8176142019789443,0.23110924894301849,0.23110924894301849,0.20372114542540362,0.7207210551071265
FRA,1999,,,9.13,0.0731429180432678,0.5,0.5,0.5,0.5,0.5,0.22823791142215843,0.22823791142215843
FRA,2000,1.63705730438232,0.785089075565338,14.3079,0.016202005639536,0.7710205591097468,0.22897944089025324,0.9159355811045576,0.2321845558483542,0.2321845558483542,0.27515578817500685,1.0854510792740304
FRA,2001,,,26.3259,0.0182609602251989,0.5,0.5,0.5,0.5,0.5,0.45244693295897664,0.45244693295897664
FRA,2002,1.54408168792725,0.924183249473572,30.18,0.0038293856364699,0.8703800605206058,0.1296199394793942,0.8697524857071773,0.13429326503492653,0.13429326503492653,0.476790464513255,1.5
FRA,2003,1.6510945558548,0.179551064968109,36.14,0.0049236095734614,0.6381395333892985,0.3618604666107015,0.9113658333397361,0.3724633127657386,0.3724633127657386,0.5315912169968493,1.3007296446915535
FRA,2004,1.75563025474548,0.345115303993225,39.15,0.0071044823201205,0.7324936505814761,0.2675063494185239,0.9188691891358068,0.2669235681046521,0.2669235681046521,0.5644283180960383,1.5
FRA,2005,1.66645479202271,0.399723917245865,42.87,0.012706531809759,0.732897386955087,0.267102613044913,0.9301160100195955,0.26239397383869983,0.26239397383869983,0.5747454053736715,1.5
FRA,2006,1.62847626209259,0.595505774021149,46.87,0.0162437751956385,0.7641658157193342,0.23583418428066583,0.9267843293469438,0.2306128347770594,0.2306128347770594,0.6199133100648088,1.5
FRA,2007,1.46457493305206,0.563000798225403,66.09,0.02560009702307,0.777551605749504,0.222448394250496,0.8501038449196007,0.23041175569232336,0.23041175569232336,0.8689340188904805,1.5
FRA,2008,1.57403433322906,0.543759167194366,70.68,0.0406430974573934,0.7638754164626655,0.23612458353733445,0.8979444333054497,0.23870905175996182,0.23870905175996182,0.8952674379611,1.5
FRA,2009,1.47705447673798,0.512012898921967,71.58,0.0956189760921275,0.7567585752265863,0.2432414247734137,0.8801360615731539,0.24079169503637832,0.24079169503637832,0.8622689723239999,1.5
FRA,2010,1.46266102790833,0.681087553501129,77.28,0.0234438647895364,0.885235533403182,0.11476446659681805,0.8528906242705179,0.1145019823967059,0.1145019823967059,0.909097716211157,1.5
FRA,2011,1.39230680465698,0.602992832660675,77.82,0.0055798975874995,0.80302530418525,0.19697469581475002,0.8391143715595227,0.19683135655730047,0.19683135655730047,0.8972821085841987,1.5
FRA,2012,1.37338125705719,0.554941534996033,81.44,0.0022902341932494,0.7620727516386964,0.23792724836130363,0.8482785803632551,0.24106855538010577,0.24106855538010577,0.9377773137756432,1.5
FRA,2013,1.48205244541168,0.448744118213654,81.9198,0.0568142251069063,0.7024102995179926,0.2975897004820074,0.890865057505684,0.3141611800037947,0.3141611800037947,0.8792502736987384,1.5
FRA,2014,1.41287088394165,0.300568491220474,83.7511,0.0746120588531018,0.6144227385085039,0.38557726149149607,0.8165629485182763,0.3773364488579771,0.3773364488579771,0.8878551268729549,1.5
FRA,2015,1.41732227802277,0.0977598056197166,78.006,0.0981242809743735,0.5087187718591432,0.49128122814085684,0.840643682722427,0.48315948755126953,0.48315948755126953,0.7640421147661786,1.329348162792553
FRA,2016,1.38062357902527,-0.106349594891071,79.2698,0.0908332569438085,0.4072477166709581,0.592752283329042,0.8132427444111362,0.583375228615409,0.583375228615409,0.7442995969822036,1.037576189771596
FRA,2017,1.30890679359436,0.265701532363892,80.5025,0.0483858624676665,0.5386593219455953,0.4613406780544047,0.7974839107017877,0.4690650625820824,0.4690650625820824,0.7844638548310804,1.3337111472577756
FRA,2018,1.41971850395203,0.013894104398787,82.0432,0.0074592458422494,0.4346497118934341,0.565350288106566,0.880095208689422,0.6007078790958813,0.6007078790958813,0.7950661085471059,1.1648488343066408
FRA,2019,1.33822000026703,0.271341234445572,83.3397,0.044587253855854,0.5819210912375308,0.4180789087624692,0.8372187740494416,0.42094796529972167,0.42094796529972167,0.7805531447197012,1.5
FRA,2020,1.2042510509491,0.280992835760117,84.7064,0.0761750573637493,0.5817924151373285,0.4182075848626715,0.7949961356338547,0.42760252451445063,0.42760252451445063,0.7262544890181828,1.350248137360291
FRA,2021,1.22854030132294,0.325612366199493,86.0955,0.0178834294808035,0.6144553925848373,0.3855446074151627,0.8466973280564997,0.38319269464303884,0.38319269464303884,0.5353457269491374,1.182892583629617
FRA,2022,1.16521215438843,0.393339216709137,85.3333,0.161118374184868,0.6659425377717039,0.33405746222829613,0.809106829958556,0.3448432546125304,0.3448432546125304,0.6230497504911533,1.4618636200171409
FRA,2023,1.14462625980377,0.343697965145111,86.8364,0.143917863254219,0.6745647633681546,0.32543523663184537,0.7919677557136233,0.3444682052103624,0.3444682052103624,0.4131783107465703,0.9499393398925622
FRA,2024,,,88.6538,4.752885426799747e-05,0.5,0.5,0.5,0.5,0.5,0.37706120282010896,0.37706120282010896
GBR,1996,1.88219606876373,0.981364369392395,4.12,0.0425891181988744,0.8519655830290588,0.14803441697094122,1.0,0.14150782024113773,0.14150782024113773,0.36945631194292056,1.5
GBR,1997,,,7.39,0.010057156755441,0.5,0.5,0.5,0.5,0.5,0.3926089878885698,0.3926089878885698
GBR,1998,1.86216461658478,0.930068552494049,13.7,0.008971918134222,0.8680710401571136,0.13192895984288644,0.997009782351657,0.13296465135616575,0.13296465135616575,0.44761149391100313,1.5
GBR,1999,,,21.3,0.0123524599742899,0.5,0.5,0.5,0.5,0.5,0.5505558461507903,0.5505558461507903
GBR,2000,1.76882231235504,1.03310573101044,26.8218,0.0408521878947955,0.8683161509954409,0.1316838490045591,0.9750051096818911,0.13018061512847742,0.13018061512847742,0.5381262406154191,1.5
GBR,2001,,,33.4811,0.0233825198637909,0.5,0.5,0.5,0.5,0.5,0.5841694688479829,0.5841694688479829
GBR,2002,1.77972555160522,0.672591328620911,56.48,0.0239798770262725,0.7531191321738094,0.24688086782619056,0.9825275780455354,0.2589567947666123,0.2589567947666123,0.9353279131184861,1.5
GBR,2003,1.74633467197418,0.27125072479248,64.82,0.0311749807289934,0.6767575139033543,0.32324248609664574,0.9557214396559686,0.3324143596748508,0.3324143596748508,1.0,1.5
GBR,2004,1.86802077293396,0.140847533941269,65.61,0.0304801216597889,0.6460513162554923,0.3539486837445077,0.9687023281975986,0.3564315992361795,0.3564315992361795,0.997170656667691,1.5
GBR,2005,1.76157212257385,0.124187760055065,70.0,0.0044568245125349,0.6007226374446036,0.39927736255539636,0.9745738046306447,0.40112209286037714,0.40112209286037714,0.9886047572484172,1.5
GBR,2006,1.6667982339859,0.667080104351044,68.82,0.0227830832196455,0.7988997365345202,0.20110026346547982,0.9440698135460488,0.19476030872834907,0.19476030872834907,0.9483999170447854,1.5
GBR,2007,1.64163875579834,0.574654936790466,75.09,0.0193280753866635,0.7833704764590543,0.21662952354094567,0.9332781123478348,0.22437329291872163,0.22437329291872163,0.9995428690245309,1.5
GBR,2008,1.63480663299561,0.492879867553711,78.39,0.076070428171269,0.7371746172937361,0.2628253827062639,0.9275522935684515,0.26705344449878526,0.26705344449878526,1.0,1.5
GBR,2009,1.50809645652771,0.121949501335621,83.56,0.001913413219945,0.5784503096741982,0.4215496903258018,0.8954503790699775,0.4306212410618463,0.4306212410618463,1.0,1.5
GBR,2010,1.6179975271225,0.411818206310272,85.0,0.0246327362335329,0.7503656100016971,0.2496343899983029,0.9272705088689304,0.25633426206433435,0.25633426206433435,1.0,1.5
GBR,2011,1.60419464111328,0.351707607507706,85.38,0.0928056223414095,0.6876579819221943,0.3123420180778057,0.9409006389663161,0.3178449555315874,0.3178449555315874,1.0,1.5
GBR,2012,1.59121036529541,0.40227073431015,87.48,0.028661739827263,0.6886622879715313,0.3113377120284687,0.9568196709144291,0.31998860008673696,0.31998860008673696,1.0,1.5
GBR,2013,1.51226651668549,0.48620143532753,89.8441,0.0145833333333335,0.721113617061425,0.27888638293857504,0.9060513847238966,0.2941643317556214,0.2941643317556214,1.0,1.5
GBR,2014,1.62349116802216,0.415347635746002,91.6133,0.0274439918533605,0.6700130651410722,0.3299869348589278,0.9226726338519298,0.32039739964298475,0.32039739964298475,1.0,1.5
GBR,2015,1.70522773265839,0.503706395626068,92.0003,0.0815976578837315,0.6986354031689671,0.3013645968310329,0.98241499355622,0.2867484103901725,0.2867484103901725,1.0,1.5
GBR,2016,1.57377743721008,0.347932636737823,94.7758,0.0495791315942985,0.6256537771779719,0.3743462228220281,0.9076631323548349,0.359105557455166,0.359105557455166,1.0,1.5
GBR,2017,1.4309287071228,0.380680292844772,90.4246,0.0278877887788764,0.6026699569125903,0.3973300430874097,0.8599949639481795,0.4037789732150817,0.4037789732150817,0.9678322231453382,1.5
GBR,2018,1.36169874668121,0.0770855620503426,90.692,0.0146419951729684,0.47083965913209846,0.5291603408679015,0.8502522985248205,0.5616038034849847,0.5616038034849847,0.9650770664381979,1.4610994243642217
GBR,2019,1.44982588291168,0.526694297790527,92.5166,0.0130947699567425,0.7272116557657824,0.2727883442342176,0.9025477978586103,0.2734241014826689,0.2734241014826689,0.9863312053821739,1.5
GBR,2020,1.33215415477753,0.483050256967545,94.8182,0.0505256648113775,0.6962901647105224,0.3037098352894776,0.8639371915218981,0.31002146115298684,0.31002146115298684,1.0,1.5
GBR,2021,1.23967301845551,0.489994138479233,96.1965,0.025918554807105,0.7103861070480468,0.28961389295195317,0.8527160181877923,0.28590957120576466,0.28590957120576466,0.9828183108917777,1.5
GBR,2022,1.23809003829956,0.533176064491272,96.2989,0.2961024415739535,0.7422230816576234,0.2577769183423766,0.8418280223723641,0.2645115277821628,0.2645115277821628,0.9888392764068324,1.5
GBR,2023,1.16114270687103,0.514935672283173,96.2988,0.239698353396982,0.7692263486177044,0.23077365138229555,0.7993747945956747,0.24281391219550744,0.24281391219550744,0.9772205018463824,1.5
GBR,2024,,,,0.0635786473179605,0.5,0.5,0.5,0.5,0.5,,
IND,1996,-0.111606687307358,-0.972584128379822,0.0463,0.3488576169132265,0.0384579492350074,0.9615420507649926,0.1270536425624707,0.9821173727579283,0.9821173727579283,0.0013500032530198878,0.0001746459593578927
IND,1997,,,0.0708,0.258212605731362,0.5,0.5,0.5,0.5,0.5,0.0009247327479546713,0.0009247327479546713
IND,1998,-0.11445739865303,-1.20082128047943,0.139,0.5615419488398851,0.0,1.0,0.12930515703718914,1.0,1.0,0.0,0.0
IND,1999,,,0.273,0.1334910190187965,0.5,0.5,0.5,0.5,0.5,0.0,0.0
IND,2000,-0.187351524829865,-1.00120759010315,0.527532,0.1004717955225955,0.07026604301585627,0.9297339569841437,0.0980631342998616,0.9668501325047327,0.9668501325047327,0.0,0.0
IND,2001,,,0.660146,0.088964656117819,0.5,0.5,0.5,0.5,0.5,0.0,0.0
IND,2002,-0.189068421721458,-1.21066498756409,1.53788,0.1148576019647815,0.0,1.0,0.040296710364018225,1.0,1.0,0.0,0.0
IND,2003,-0.143909424543381,-1.50999701023102,1.68649,0.0902929497644249,0.0,1.0,0.07538942828356246,1.0,1.0,0.0,0.0
IND,2004,-0.179698884487152,-1.28043293952942,1.97614,0.0883625867387574,0.04459176232049632,0.9554082376795037,0.06075831216680278,0.9792220513652093,0.9792220513652093,0.0,0.0
IND,2005,-0.0987746343016624,-1.01388049125671,2.38807,0.1123171810159615,0.054791070507623475,0.9452089294923766,0.10504862406394071,0.9741215475687607,0.9741215475687607,0.0,0.0
IND,2006,-0.0953764915466309,-1.06518423557281,2.8055,0.1898261687808164,0.0,1.0,0.14922440582389807,1.0,1.0,0.0,0.0
IND,2007,0.136991709470749,-1.15429580211639,3.95,0.218644067796616,0.0,1.0,0.2264825971754231,1.0,1.0,0.0,0.0
IND,2008,-0.0097329141572117,-1.10970735549927,4.38,0.3174633524537905,0.0,1.0,0.12634356366809887,1.0,1.0,0.0,0.0
IND,2009,-0.0032957887742668,-1.35554790496826,5.12,0.44411764705882,0.0,1.0,0.1498168575105948,1.0,1.0,0.0,0.0
IND,2010,0.0316559858620167,-1.27798449993134,7.5,0.49946949602122,0.0,1.0,0.16768147879853107,1.0,1.0,0.0,0.0
IND,2011,0.0225540697574615,-1.32679533958435,10.07,0.345589668241685,0.0,1.0,0.18111521272426043,1.0,1.0,0.0,0.0
IND,2012,-0.15608711540699,-1.28930985927582,11.1,0.373949845709899,0.0,1.0,0.0861666364937465,1.0,1.0,0.0,0.0
IND,2013,-0.157355144619942,-1.22917413711548,12.3,0.4008939237305149,0.0,1.0,0.06685892206567391,1.0,1.0,0.0,0.0
IND,2014,-0.222846582531929,-0.997911989688873,13.5,0.233282835933948,0.0,1.0,0.0,1.0,1.0,0.0,0.0
IND,2015,0.0800815001130104,-0.954773545265198,14.9,0.1453486720636299,0.016305254262711986,0.983694745737288,0.18215536674172422,0.9924117248765056,0.9924117248765056,0.0,0.0
IND,2016,0.0613894164562225,-0.960426509380341,16.5,0.1474108170310675,0.0,1.0,0.16835476449220435,1.0,1.0,0.0,0.0
IND,2017,0.0410966314375401,-0.774099111557007,18.2,0.0664086687306499,0.0,1.0,0.14799279667799398,1.0,1.0,0.0,0.0
IND,2018,0.262917786836624,-0.997706770896912,20.0813,0.0969413233458165,0.0,1.0,0.28508582734917487,1.0,1.0,0.0,0.0
IND,2019,0.130771830677986,-0.796846985816956,29.5235,0.0864752867695635,0.0,1.0,0.13043335781313228,1.0,1.0,0.0,0.0
IND,2020,0.374532461166382,-0.841419219970703,43.4054,0.231171838814268,0.0,1.0,0.3477694932977182,1.0,1.0,0.0,0.0
IND,2021,0.249238416552544,-0.691076755523682,,0.156570373588184,0.021131008249203543,0.9788689917507964,0.3172565348309313,0.9848816286059415,0.9848816286059415,,
IND,2022,0.369541674852371,-0.615027368068695,55.9,0.2349517070399245,0.11588185817830263,0.8841181418216973,0.4518614564425707,0.9241171035156961,0.9241171035156961,0.0,0.0
IND,2023,0.47511014342308,-0.635076940059662,,0.1824571594539644,0.13349010360025887,0.8665098963997411,0.4917135977826384,0.9255123728308303,0.9255123728308303,,
IND,2024,,,,0.147651775486826,0.5,0.5,0.5,0.5,0.5,,
JPN,1996,0.910290777683258,1.16188979148865,4.37,0.0931699820712029,0.9271256034372922,0.07287439656270778,0.5847780995327096,0.06384385189230138,0.06384385189230138,0.3920467278234408,1.5
JPN,1997,,,9.16,0.0126097706539355,0.5,0.5,0.5,0.5,0.5,0.48732987700198227,0.48732987700198227
JPN,1998,1.01681685447693,1.24767482280731,13.4,0.066901290430703,1.0,0.0,0.6259159882293822,0.0,1e-09,0.4376972521026455,1.5
JPN,1999,,,21.4,0.1170648464163801,0.5,0.5,0.5,0.5,0.5,0.5532043090491356,0.5532043090491356
JPN,2000,1.14183568954468,1.19755268096924,29.9907,0.133828934179754,0.932827799623733,0.06717220037626703,0.6939304540998104,0.06254710517303433,0.06254710517303433,0.604718355522716,1.5
JPN,2001,,,38.5321,0.1370027752081405,0.5,0.5,0.5,0.5,0.5,0.6771550637685122,0.6771550637685122
JPN,2002,1.0168479681015,1.17602252960205,46.5942,0.1461747013471143,0.9877562770619482,0.01224372293805176,0.617427513143915,0.00950716904463155,0.00950716904463155,0.7629701370948514,1.5
JPN,2003,1.15746104717255,1.0271201133728,48.4353,0.112827090815803,0.9950809338077772,0.004919066192222821,0.6814688690377894,0.002295603028755487,0.002295603028755487,0.7345953237877777,1.5
JPN,2004,1.34332299232483,1.02831530570984,62.3939,0.100428669410153,1.0,0.0,0.7360551450726048,0.0,1e-09,0.9445726734824949,1.5
JPN,2005,1.28548622131348,1.03576946258545,66.9211,0.1141473034382214,1.0,0.0,0.7520514830641247,0.0,1e-09,0.9416371362205088,1.5
JPN,2006,1.5849609375,1.13833451271057,68.6853,0.0875322441960447,1.0,0.0,0.9071563347918031,0.0,1e-09,0.9463841017390815,1.5
JPN,2007,1.44125950336456,1.01037454605103,74.3,0.0969980272750672,1.0,0.0,0.8391516145093767,0.0,1e-09,0.9880783144016531,1.5
JPN,2008,1.45174884796143,0.894625246524811,75.4,0.0309960569175369,0.9480054022438781,0.05199459775612192,0.8383677581770519,0.04324476625461049,0.04324476625461049,0.9612187010954617,1.5
JPN,2009,1.45010435581207,0.976251900196075,78.0,0.1676418364758615,0.9689744653387445,0.03102553466125546,0.8668404305846394,0.01486360384788735,0.01486360384788735,0.9490691291591742,1.5
JPN,2010,1.52235090732574,0.879353165626526,78.21,0.1364121603758883,0.9845415561624216,0.01545844383757844,0.8814719709934078,0.010069509704182081,0.010069509704182081,0.923025084238113,1.5
JPN,2011,1.46691274642944,0.99509197473526,79.0541,0.1136227808050622,0.9830415707813038,0.01695842921869617,0.8749534289891051,0.00800478186198692,0.00800478186198692,0.9175611279085054,1.5
JPN,2012,1.40798962116241,0.948442876338959,79.4964,0.102203225522163,0.9512845445411923,0.04871545545880773,0.8655234270807316,0.03765609332851619,0.03765609332851619,0.9039585182091836,1.5
JPN,2013,1.61050939559937,1.01914191246033,88.2194,0.0832481043907614,0.9872233051968476,0.012776694803152355,0.9554306455499157,0.009650365789120013,0.009650365789120013,0.9874433914410202,1.5
JPN,2014,1.80541300773621,0.96859735250473,89.1068,0.0379613356766265,0.9379653363583692,0.062034663641630794,1.0,0.045944118248300456,0.045944118248300456,0.9804906967904804,1.5
JPN,2015,1.75316548347473,1.05422055721283,91.058,0.0602360184710108,0.9561860209861386,0.043813979013861415,1.0,0.020390514717241,0.020390514717241,0.9925753827542656,1.5
JPN,2016,1.78482556343079,0.968189001083374,93.1827,0.1063629422244855,0.9238555108345486,0.07614448916545136,1.0,0.05289791563733663,0.05289791563733663,0.9874700677335913,1.5
JPN,2017,1.57989025115967,1.10012805461884,91.7265,0.0757900101936789,1.0,0.0,0.9363070192314561,0.0,1e-09,0.9918923796352278,1.5
JPN,2018,1.63458871841431,1.03756272792816,88.7464,0.0505452700989094,1.0,0.0,0.9906153626658593,0.0,1e-09,0.9268320706384443,1.5
JPN,2019,1.55003654956818,1.01981234550476,92.7304,0.0765611920308036,1.0,0.0,0.9612065788547656,0.0,1e-09,0.9911253460363859,1.5
JPN,2020,1.5473005771637,1.02614521980286,90.2195,0.1012497917013841,1.0,0.0,0.9799032712015114,0.0,1e-09,0.8765237381175852,1.5
JPN,2021,1.36116814613342,1.0155017375946,82.9141,0.1116676389699155,1.0,0.0,0.918400030208167,0.0,1e-09,0.3944102474367015,1.5
JPN,2022,1.61941540241241,1.0326372385025,84.9234,0.0248851390861255,1.0,0.0,1.0,0.0,1e-09,0.6093763421347629,1.5
JPN,2023,1.63126504421234,0.951136231422424,86.9815,0.063406682966582,1.0,0.0,1.0,0.0,1e-09,0.4218275458168043,1.5
JPN,2024,,,,0.0369268408176215,0.5,0.5,0.5,0.5,0.5,,
RUS,1996,-0.452226608991623,-1.17785394191742,0.27,1.0,0.0,1.0,0.0,1.0,1.0,0.02156390738290937,0.0
RUS,1997,,,0.473,0.638066463440295,0.5,0.5,0.5,0.5,0.5,0.02244831557361258,0.02244831557361258
RUS,1998,-0.662553489208221,-1.08974099159241,0.813,1.0,0.020964152358163547,0.9790358476418365,0.0,0.9904505448733624,0.9904505448733624,0.02172871329665064,0.0
RUS,1999,,,1.02,1.0,0.5,0.5,0.5,0.5,0.5,0.013447570366348633,0.013447570366348633
RUS,2000,-0.673456251621246,-1.39924204349518,1.97723,0.93993803279352,0.0,1.0,0.0,1.0,1.0,0.01603578012048997,0.0
RUS,2001,,,2.94437,0.97385036058579,0.5,0.5,0.5,0.5,0.5,0.022008311457847745,0.022008311457847745
RUS,2002,-0.376179724931717,-0.724512279033661,4.12827,0.689436539572315,0.10196282526610824,0.8980371747338918,0.0,0.9512201494118058,0.9512201494118058,0.022581574553089432,0.0
RUS,2003,-0.499138176441193,-1.19315183162689,8.29886,0.58316465114333,0.060045636270993887,0.9399543637290061,0.0,0.9719782293832162,0.9719782293832162,0.07191428697145819,0.0
RUS,2004,-0.484211027622223,-1.51459443569183,12.8594,0.44443078663108,0.0,1.0,0.0,1.0,1.0,0.13445644634804557,0.0
RUS,2005,-0.526238322257996,-1.2677013874054,15.2267,0.534265197536745,0.0,1.0,0.0,1.0,1.0,0.15305582845958518,0.0
RUS,2006,-0.468877643346786,-0.908794343471527,18.0233,0.3834327273946314,0.034152123346135925,0.9658478766538641,0.0,0.9841366036883505,0.9841366036883505,0.1882160615195105,0.0
RUS,2007,-0.412203580141068,-0.863382518291473,24.66,0.35036493443054,0.06536339426271873,0.9346366057372812,0.0,0.969476467304258,0.969476467304258,0.2676979454400685,0.0
RUS,2008,-0.416781842708588,-0.749933898448944,32.0,0.6055383892022099,0.08496200814252872,0.9150379918574713,0.0,0.959413632897439,0.959413632897439,0.35480242566510173,0.0
RUS,2009,-0.497236013412476,-0.969926595687866,42.55,0.48236647882059,0.07932495142965379,0.9206750485703462,0.0,0.9619972817172535,0.9619972817172535,0.46977542825466784,0.0
RUS,2010,-0.601686894893646,-0.929458737373352,49.0,0.2424696151275124,0.07855531840334255,0.9214446815966575,0.0,0.9628252480340038,0.9628252480340038,0.4855859228753276,0.0
RUS,2011,-0.601444661617279,-0.998262107372284,58.0,0.3220232429662845,0.06787466180411914,0.9321253381958808,0.0,0.9679615455717377,0.9679615455717377,0.5715952412251873,0.0
RUS,2012,-0.534914612770081,-0.817712664604187,66.0,0.153737150399574,0.10204358565128704,0.897956414348713,0.0,0.9506340408070199,0.9506340408070199,0.6691200779523585,0.0
RUS,2013,-0.452954411506653,-0.736093640327454,67.97,0.2376855131104739,0.11079299900305958,0.8892070009969404,0.0,0.9466950260403948,0.9466950260403948,0.6396680218285747,0.0
RUS,2014,-0.195760622620583,-0.943617463111877,70.5176,0.2911705919327535,0.011833270893102548,0.9881667291068974,0.006140610877366461,0.994545834580276,0.994545834580276,0.658960152452511,0.00406860874502445
RUS,2015,-0.332078844308853,-1.03222346305847,70.0992,0.67672025264202,0.0,1.0,0.0,1.0,1.0,0.6255984399785439,0.0
RUS,2016,-0.324105769395828,-0.947688162326813,73.0914,0.252122381477397,0.0027559067945721596,0.9972440932054278,0.0,0.9987265470605097,0.9987265470605097,0.6363131644993727,0.0
RUS,2017,-0.191041514277458,-0.642759621143341,76.0081,0.0841664722061165,0.032903519433558806,0.9670964805664412,0.029069895309735028,0.9848983852433099,0.9848983852433099,0.7014037370584717,0.02070237245958079
RUS,2018,-0.103785149753094,-0.538330912590027,80.8647,0.0439148618239425,0.11838870175983172,0.8816112982401683,0.09646934033663043,0.9424352204342027,0.9424352204342027,0.771900130159971,0.07901306609485996
RUS,2019,0.0241736769676208,-0.551088750362396,82.6422,0.123518330380088,0.11397559173008642,0.8860244082699136,0.06803563148600944,0.8960863775378786,0.8960863775378786,0.7649127653637016,0.058076234978842046
RUS,2020,-0.111088737845421,-0.667407393455505,84.9947,0.069082968618948,0.04437245158937242,0.9556275484106276,0.08601479603563576,0.9794946885194089,0.9794946885194089,0.7341126132160672,0.06446645135811409
RUS,2021,-0.210440874099731,-0.707898318767548,88.2138,0.2347229459788065,0.011314198526371368,0.9886858014736286,0.06873973724571328,0.9948368334365358,0.9948368334365358,0.6291860570714715,0.04347455058771543
RUS,2022,-0.696263790130615,-1.00599670410156,90.418,,0.0,1.0,0.0,1.0,1.0,0.7926647284607543,0.0
RUS,2023,-0.712461888790131,-1.13433384895325,92.245,,0.0,1.0,0.0,1.0,1.0,0.7355783989675763,0.0
RUS,2024,,,94.365,,0.5,0.5,0.5,0.5,0.5,1.0,1.0
USA,1996,1.52492046356201,0.935005784034729,16.4,0.0465602099967205,0.8326646326082301,0.1673353673917699,0.8600807094762852,0.16145177973508024,0.16145177973508024,1.0,1.5
USA,1997,,,21.6,0.0168844968653675,0.5,0.5,0.5,0.5,0.5,1.0,1.0
USA,1998,1.6985274553299,0.879612982273102,30.1,0.022386045062818,0.8469100048569664,0.15308999514303356,0.925175754095574,0.1543849579590819,0.1543849579590819,0.9895900461012245,1.5
USA,1999,,,35.8,0.009401359848679,0.5,0.5,0.5,0.5,0.5,0.9345829664108694,0.9345829664108694
USA,2000,1.72488653659821,1.08280909061432,43.0792,0.0688428635749645,0.887814510017694,0.11218548998230604,0.9553089429866128,0.10973868739780072,0.10973868739780072,0.8797636065448864,1.5
USA,2001,,,49.0808,0.0413085559427035,0.5,0.5,0.5,0.5,0.5,0.8713497074307943,0.8713497074307943
USA,2002,1.62092781066895,0.285476922988892,58.7854,0.0206984186746995,0.5726944411623186,0.4273055588376814,0.9065297157728132,0.45077157185690225,0.45077157185690225,0.97552229463995,1.5
USA,2003,1.54012453556061,0.0804403498768806,61.6971,0.0135047486680575,0.5964004945372705,0.4035995054627295,0.8596844333831917,0.41574897366235647,0.41574897366235647,0.9535570297599733,1.5
USA,2004,1.74025785923004,-0.233039826154709,64.7583,0.033861834654586,0.4878291152031412,0.5121708847968588,0.9120531806701362,0.5202651861923755,0.5202651861923755,0.9832414559964334,1.5
USA,2005,1.53101277351379,-0.0605432577431202,67.9681,0.069637342274775,0.5121071313954869,0.4878928686045131,0.8668104756265962,0.4941312532021032,0.4941312532021032,0.9576087816835706,1.5
USA,2006,1.5816855430603,0.49083548784256,68.9312,0.0612972050352019,0.7133709369538187,0.2866290630461813,0.9056789374649931,0.28304356160953126,0.28304356160953126,0.9500640496505338,1.5
USA,2007,1.64327275753021,0.374478042125702,75.0,0.042633624075069,0.6834228516225506,0.31657714837744944,0.934045671157516,0.32809273299746144,0.32809273299746144,0.9982367805231903,1.5
USA,2008,1.60507559776306,0.582659542560577,74.0,0.09195501483255,0.7842898309216889,0.2157101690783111,0.9130675309377597,0.2170380082343056,0.2170380082343056,0.9416568857589984,1.5
USA,2009,1.50298464298248,0.447313606739044,71.0,0.1177773133149873,0.7271828225592255,0.2728171774407745,0.8929285059115486,0.2722784670310119,0.2722784670310119,0.8544272136068034,1.5
USA,2010,1.55227208137512,0.438403934240341,71.69,0.017997827880505,0.7636817008486796,0.2363182991513204,0.8957991476975349,0.24233075799570242,0.24233075799570242,0.8253837514039686,1.5
USA,2011,1.5137984752655,0.591247260570526,69.7295,0.0578420784311,0.7976328056821514,0.20236719431784855,0.8974763043588475,0.20248777328365436,0.20248777328365436,0.7643371237018536,1.5
USA,2012,1.5213223695755,0.632442116737366,74.7,0.0034668632630334,0.7993382510960024,0.20066174890399757,0.9219954945992097,0.2010062163582508,0.2010062163582508,0.8205007743035617,1.5
USA,2013,1.51647663116455,0.643072605133057,71.4,0.0267583672186415,0.7994430738498715,0.20055692615012854,0.9081674906775009,0.21041757094042932,0.21041757094042932,0.6985769039569681,1.5
USA,2014,1.46162545681,0.582419633865356,73.0,0.0188888511295915,0.750930090485734,0.249069909514266,0.8411253139534107,0.23751717987231652,0.23751717987231652,0.7018973107629588,1.5
USA,2015,1.43219923973083,0.662890195846558,74.5542,0.0940686432223774,0.7731073949068419,0.22689260509315812,0.8479694430670691,0.20972975217847498,0.20972975217847498,0.7036030146710759,1.5
USA,2016,1.44050490856171,0.385635316371918,85.5444,0.036920839714732,0.6437801601974326,0.35621983980256744,0.8425148408556471,0.3404925301899793,0.3404925301899793,0.8539674186280615,1.5
USA,2017,1.51742815971375,0.262138307094574,87.2749,0.0065055001829805,0.5366756137279596,0.4633243862720404,0.9043080855043035,0.47108829750298886,0.47108829750298886,0.9096232402002543,1.5
USA,2018,1.53697216510773,0.38623908162117,88.4989,0.0221291648464085,0.6478928555247001,0.3521071444752999,0.9404055347048683,0.37029372687093753,0.37029372687093753,0.9219669203195512,1.5
USA,2019,1.45341503620148,0.118298575282097,89.4303,0.0093894962369895,0.4948430117522338,0.5051569882477662,0.9046487254725305,0.5093645447324593,0.5093645447324593,0.9171256099607802,1.5
USA,2020,1.27459323406219,-0.0278997328132391,90.3447,0.0383207801846855,0.4067555184463369,0.593244481553663,0.8329112778949183,0.6073529957432394,0.6073529957432394,0.8799362845954735,1.2067263360932892
USA,2021,1.2975310087204,-0.0144246527925134,91.2684,0.134892943181871,0.41601493459822214,0.5839850654017779,0.8839958316310825,0.5844307202043385,0.5844307202043385,0.76450431812594,1.1563708188560022
USA,2022,1.25549554824829,0.008700686506927,92.2016,0.3001399910260605,0.4561234754240065,0.5438765245759936,0.8496428628908859,0.5658055962749939,0.5658055962749939,0.8521619012942702,1.2796502583730334
USA,2023,1.21720099449158,0.029424749314785,93.1444,0.105816919187244,0.5008319955731116,0.49916800442688836,0.8245149421331996,0.531034716189039,0.531034716189039,0.7891905424697714,1.22534247690295
USA,2024,,,,0.0474762602426035,0.5,0.5,0.5,0.5,0.5,,
ZAF,1996,1.02049589157104,-0.379187554121017,0.842,0.2677059860426655,0.2855128964749994,0.7144871035250007,0.6341407583490632,0.7268318167049355,0.7268318167049355,0.07325077891753962,0.06390928881321319
ZAF,1997,,,1.63,0.3298888056261365,0.5,0.5,0.5,0.5,0.5,0.08436473857034606,0.08436473857034606
ZAF,1998,0.624708473682404,-0.546053230762482,2.91,0.2440272605186755,0.24898646681817754,0.7510135331818224,0.4537868441557527,0.7596344331490885,0.7596344331490885,0.09102926353707101,0.0543786332263358
ZAF,1999,,,4.12,0.159074452555849,0.5,0.5,0.5,0.5,0.5,0.0955499202150552,0.0955499202150552
ZAF,2000,0.645909368991852,-0.227864950895309,5.34856,0.1669479567999135,0.3736441757349576,0.6263558242650424,0.47160941139769885,0.6487908611048304,0.6487908611048304,0.08688181336559622,0.06315483666452726
ZAF,2001,,,6.34662,0.1850947415248044,0.5,0.5,0.5,0.5,0.5,0.08464150098831114,0.08464150098831114
ZAF,2002,0.607831418514252,-0.254789859056473,6.71032,0.3747356890498,0.32088912005792386,0.6791108799420762,0.42167924103675214,0.7184731888972897,0.7184731888972897,0.06759931672689692,0.03967472831623772
ZAF,2003,0.599580049514771,-0.312842577695847,7.00769,0.1839712070344,0.43077509895125643,0.5692249010487436,0.4216503082078313,0.5875115466966911,0.5875115466966911,0.05059615625766975,0.036312281860890604
ZAF,2004,0.559140086174011,-0.131729558110237,8.42512,0.1346019718928844,0.5307017429247235,0.4692982570752765,0.38835414287098646,0.47587207109760793,0.47587207109760793,0.06193563391110268,0.050545013001580194
ZAF,2005,0.567057847976685,-0.162092119455338,7.48854,0.0031426541117135,0.4633941221965067,0.5366058778034932,0.4162584064555997,0.5452595069955721,0.5452595069955721,0.03501270710672552,0.02672916928353634
ZAF,2006,0.325101375579834,0.0470300763845444,7.60714,0.0621953827096145,0.4979990019614319,0.5020009980385681,0.33888488437449993,0.5053515455126825,0.5053515455126825,0.03233592228668342,0.021684222364746913
ZAF,2007,0.283431172370911,0.215346544981003,8.06538,0.2088906074046939,0.603969050508664,0.396030949491336,0.295271324654543,0.41054495512020317,0.41054495512020317,0.026875252483233403,0.019329165544918692
ZAF,2008,0.332178503274918,0.049528993666172,8.43,0.3954992280027335,0.5045098060906054,0.49549019390939464,0.2929205322630471,0.5140401636423745,0.5140401636423745,0.025465291750503015,0.014511136174527947
ZAF,2009,0.310807675123215,-0.114492610096931,10.0,0.2619047619047635,0.470366385230223,0.529633614769777,0.30477734023629866,0.5456889427541305,0.5456889427541305,0.029690520936143747,0.016582703610370227
ZAF,2010,0.191702410578728,-0.0294270031154156,24.0,0.1033747779751319,0.5293575070840868,0.4706424929159132,0.24431662032057969,0.4887514109086363,0.4887514109086363,0.11119430924747283,0.055583712349225885
ZAF,2011,0.217559650540352,0.0240315701812506,33.97,0.1500426693975095,0.5372189460691722,0.4627810539308278,0.2747916149347196,0.47564673854675826,0.47564673854675826,0.176728670960957,0.10210005233506723
ZAF,2012,0.170115306973457,-0.0253867004066706,41.0,0.1868985695708684,0.48302682636243344,0.5169731736375666,0.24870858027697906,0.5410573553126696,0.5410573553126696,0.2341180769431539,0.10761737912251404
ZAF,2013,0.30602103471756,-0.0462945364415646,46.5,0.1890084550345885,0.4552258808864662,0.5447741191135338,0.29976306201996505,0.5784409954541442,0.5784409954541442,0.2709293339869987,0.1404025775925676
ZAF,2014,0.165043815970421,-0.146388962864876,49.0,0.2066414765295744,0.39795039097380297,0.6020496090261971,0.18791249297796447,0.5990608098503463,0.5990608098503463,0.28677815210571356,0.08995613902244882
ZAF,2015,0.0873290970921516,-0.220544874668121,51.9191,0.1259345474462549,0.3598042247275346,0.6401957752724654,0.18572425127511494,0.6371663610165068,0.6371663610165068,0.3072749902888245,0.08956596110302453
ZAF,2016,0.101402580738068,-0.149085000157356,54.0,0.2301454211974344,0.386701741375132,0.613298258624868,0.1879146041446536,0.6044728076503709,0.6044728076503709,0.302632571287099,0.0940804600553465
ZAF,2017,0.0707959234714508,-0.284803628921509,56.1674,0.159309327762073,0.23218371915505798,0.767816280844942,0.1632075558308999,0.7816473952351676,0.7816473952351676,0.33473168323794006,0.06989179547382861
ZAF,2018,0.103647440671921,-0.237546816468239,62.4,0.1254936324336965,0.290648702928026,0.709351297071974,0.20316389495824544,0.7563043021990536,0.7563043021990536,0.4089363277629164,0.10985141416843275
ZAF,2019,0.127971157431602,-0.2832210958004,69.6969,0.1051425377305749,0.26638669751578875,0.7336133024842113,0.12879397066920117,0.7413325207603153,0.7413325207603153,0.47463405156122934,0.08245962830915035
ZAF,2020,0.0465345233678818,-0.252867221832275,72.1128,0.0616194158075594,0.2792755621750505,0.7207244378249495,0.17097531486040687,0.7382658640880339,0.7382658640880339,0.38299374361936234,0.08869768885464549
ZAF,2021,-0.0701303705573082,-0.750981450080872,74.9686,0.130937272443568,0.0,1.0,0.14459592158339188,1.0,1.0,0.04242594729649222,0.0061346189483847055
ZAF,2022,-0.109027646481991,-0.681386351585388,75.4556,0.2519936362732405,0.07968324933768774,0.9203167506623122,0.23699024989350626,0.9622381840545615,0.9622381840545615,0.29355029764431434,0.07229868815005835
ZAF,2023,-0.256946682929993,-0.665642023086548,75.6592,0.203762192289828,0.11659347924709376,0.8834065207529063,0.16341215652309726,0.9436571609033156,0.9436571609033156,0.0,0.0
ZAF,2024,,,,0.1180576232594814,0.5,0.5,0.5,0.5,0.5,,
